ZOOKEEPER-2,Bug,Closed,Fixed
ZOOKEEPER-3,Bug,Closed,Fixed
ZOOKEEPER-4,Bug,Closed,Fixed
ZOOKEEPER-6,Bug,Closed,Fixed
ZOOKEEPER-7,Bug,Closed,Fixed
ZOOKEEPER-8,Bug,Closed,Fixed
ZOOKEEPER-11,Bug,Closed,Fixed
ZOOKEEPER-15,Bug,Closed,Fixed
ZOOKEEPER-16,Bug,Closed,Fixed
ZOOKEEPER-17,Bug,Closed,Fixed
ZOOKEEPER-18,Bug,Closed,Fixed
ZOOKEEPER-20,Bug,Closed,Fixed
ZOOKEEPER-21,Bug,Closed,Fixed
ZOOKEEPER-48,Bug,Closed,Fixed
ZOOKEEPER-49,Bug,Closed,Fixed
ZOOKEEPER-50,Bug,Closed,Fixed
ZOOKEEPER-53,Bug,Closed,Fixed
ZOOKEEPER-54,Bug,Closed,Fixed
ZOOKEEPER-55,Bug,Closed,Fixed
ZOOKEEPER-58,Bug,Closed,Fixed
ZOOKEEPER-59,Bug,Closed,Fixed
ZOOKEEPER-63,Bug,Closed,Fixed
ZOOKEEPER-68,Bug,Closed,Fixed
ZOOKEEPER-75,Bug,Closed,Fixed
ZOOKEEPER-76,Bug,Closed,Fixed
ZOOKEEPER-86,Bug,Closed,Fixed
ZOOKEEPER-87,Bug,Closed,Fixed
ZOOKEEPER-94,Bug,Closed,Fixed
ZOOKEEPER-105,Bug,Closed,Fixed
ZOOKEEPER-108,Bug,Closed,Fixed
ZOOKEEPER-109,Bug,Closed,Fixed
ZOOKEEPER-110,Bug,Closed,Fixed
ZOOKEEPER-112,Bug,Closed,Fixed
ZOOKEEPER-115,Bug,Closed,Fixed
ZOOKEEPER-117,Bug,Closed,Fixed
ZOOKEEPER-118,Bug,Closed,Fixed
ZOOKEEPER-121,Bug,Closed,Fixed
ZOOKEEPER-122,Bug,Closed,Fixed
ZOOKEEPER-123,Bug,Closed,Fixed
ZOOKEEPER-127,Bug,Closed,Fixed
ZOOKEEPER-131,Bug,Closed,Fixed
ZOOKEEPER-133,Bug,Closed,Fixed
ZOOKEEPER-136,Bug,Closed,Fixed
ZOOKEEPER-137,Bug,Closed,Fixed
ZOOKEEPER-138,Bug,Closed,Fixed
ZOOKEEPER-140,Bug,Closed,Fixed
ZOOKEEPER-150,Bug,Closed,Fixed
ZOOKEEPER-151,Bug,Closed,Fixed
ZOOKEEPER-154,Bug,Closed,Fixed
ZOOKEEPER-155,Bug,Closed,Fixed
ZOOKEEPER-157,Bug,Closed,Fixed
ZOOKEEPER-159,Bug,Closed,Fixed
ZOOKEEPER-178,Bug,Closed,Fixed
ZOOKEEPER-181,Bug,Closed,Fixed
ZOOKEEPER-182,Bug,Closed,Fixed
ZOOKEEPER-183,Bug,Closed,Fixed
ZOOKEEPER-184,Bug,Closed,Fixed
ZOOKEEPER-187,Bug,Closed,Fixed
ZOOKEEPER-189,Bug,Closed,Fixed
ZOOKEEPER-190,Bug,Closed,Fixed
ZOOKEEPER-192,Bug,Closed,Fixed
ZOOKEEPER-193,Bug,Closed,Fixed
ZOOKEEPER-196,Bug,Closed,Fixed
ZOOKEEPER-198,Bug,Closed,Fixed
ZOOKEEPER-199,Bug,Closed,Fixed
ZOOKEEPER-200,Bug,Closed,Fixed
ZOOKEEPER-201,Bug,Closed,Fixed
ZOOKEEPER-202,Bug,Closed,Fixed
ZOOKEEPER-203,Bug,Closed,Fixed
ZOOKEEPER-204,Bug,Closed,Fixed
ZOOKEEPER-206,Bug,Closed,Fixed
ZOOKEEPER-208,Bug,Closed,Fixed
ZOOKEEPER-209,Bug,Closed,Fixed
ZOOKEEPER-212,Bug,Closed,Fixed
ZOOKEEPER-213,Bug,Closed,Fixed
ZOOKEEPER-218,Bug,Closed,Fixed
ZOOKEEPER-219,Bug,Closed,Fixed
ZOOKEEPER-221,Bug,Closed,Fixed
ZOOKEEPER-226,Bug,Closed,Fixed
ZOOKEEPER-227,Bug,Closed,Fixed
ZOOKEEPER-228,Bug,Closed,Fixed
ZOOKEEPER-232,Bug,Closed,Fixed
ZOOKEEPER-238,Bug,Closed,Fixed
ZOOKEEPER-240,Bug,Closed,Fixed
ZOOKEEPER-241,Bug,Closed,Fixed
ZOOKEEPER-242,Bug,Closed,Fixed
ZOOKEEPER-245,Bug,Closed,Fixed
ZOOKEEPER-247,Bug,Closed,Fixed
ZOOKEEPER-249,Bug,Closed,Fixed
ZOOKEEPER-250,Bug,Closed,Fixed
ZOOKEEPER-251,Bug,Closed,Fixed
ZOOKEEPER-252,Bug,Closed,Fixed
ZOOKEEPER-253,Bug,Closed,Fixed
ZOOKEEPER-254,Bug,Closed,Fixed
ZOOKEEPER-255,Bug,Closed,Fixed
ZOOKEEPER-258,Bug,Closed,Fixed
ZOOKEEPER-266,Bug,Closed,Fixed
ZOOKEEPER-267,Bug,Closed,Fixed
ZOOKEEPER-268,Bug,Closed,Fixed
ZOOKEEPER-272,Bug,Closed,Fixed
ZOOKEEPER-273,Bug,Closed,Fixed
ZOOKEEPER-275,Bug,Closed,Fixed
ZOOKEEPER-281,Bug,Closed,Fixed
ZOOKEEPER-284,Bug,Closed,Fixed
ZOOKEEPER-285,Bug,Closed,Fixed
ZOOKEEPER-291,Bug,Closed,Fixed
ZOOKEEPER-293,Bug,Closed,Fixed
ZOOKEEPER-299,Bug,Closed,Fixed
ZOOKEEPER-300,Bug,Closed,Fixed
ZOOKEEPER-302,Bug,Closed,Fixed
ZOOKEEPER-303,Bug,Closed,Fixed
ZOOKEEPER-309,Bug,Closed,Fixed
ZOOKEEPER-318,Bug,Closed,Fixed
ZOOKEEPER-319,Bug,Closed,Fixed
ZOOKEEPER-320,Bug,Closed,Fixed
ZOOKEEPER-325,Bug,Closed,Fixed
ZOOKEEPER-326,Bug,Closed,Fixed
ZOOKEEPER-330,Bug,Closed,Fixed
ZOOKEEPER-333,Bug,Closed,Fixed
ZOOKEEPER-334,Bug,Closed,Fixed
ZOOKEEPER-335,Bug,Closed,Fixed
ZOOKEEPER-340,Bug,Closed,Fixed
ZOOKEEPER-341,Bug,Closed,Fixed
ZOOKEEPER-346,Bug,Closed,Fixed
ZOOKEEPER-347,Bug,Closed,Fixed
ZOOKEEPER-348,Bug,Closed,Fixed
ZOOKEEPER-355,Bug,Closed,Fixed
ZOOKEEPER-360,Bug,Closed,Fixed
ZOOKEEPER-362,Bug,Closed,Fixed
ZOOKEEPER-363,Bug,Closed,Fixed
ZOOKEEPER-365,Bug,Closed,Fixed
ZOOKEEPER-367,Bug,Closed,Fixed
ZOOKEEPER-370,Bug,Closed,Fixed
ZOOKEEPER-374,Bug,Closed,Fixed
ZOOKEEPER-375,Bug,Closed,Fixed
ZOOKEEPER-376,Bug,Closed,Fixed
ZOOKEEPER-377,Bug,Closed,Fixed
ZOOKEEPER-382,Bug,Closed,Fixed
ZOOKEEPER-384,Bug,Closed,Fixed
ZOOKEEPER-385,Bug,Closed,Fixed
ZOOKEEPER-391,Bug,Closed,Fixed
ZOOKEEPER-396,Bug,Closed,Fixed
ZOOKEEPER-400,Bug,Closed,Fixed
ZOOKEEPER-402,Bug,Closed,Fixed
ZOOKEEPER-404,Bug,Closed,Fixed
ZOOKEEPER-405,Bug,Closed,Fixed
ZOOKEEPER-411,Bug,Closed,Fixed
ZOOKEEPER-412,Bug,Closed,Fixed
ZOOKEEPER-413,Bug,Closed,Fixed
ZOOKEEPER-415,Bug,Closed,Fixed
ZOOKEEPER-416,Bug,Closed,Fixed
ZOOKEEPER-417,Bug,Closed,Fixed
ZOOKEEPER-419,Bug,Closed,Fixed
ZOOKEEPER-420,Bug,Closed,Fixed
ZOOKEEPER-421,Bug,Closed,Fixed
ZOOKEEPER-427,Bug,Closed,Fixed
ZOOKEEPER-433,Bug,Closed,Fixed
ZOOKEEPER-435,Bug,Closed,Fixed
ZOOKEEPER-438,Bug,Closed,Fixed
ZOOKEEPER-441,Bug,Closed,Fixed
ZOOKEEPER-444,Bug,Closed,Fixed
ZOOKEEPER-446,Bug,Closed,Fixed
ZOOKEEPER-448,Bug,Closed,Fixed
ZOOKEEPER-449,Bug,Closed,Fixed
ZOOKEEPER-450,Bug,Closed,Fixed
ZOOKEEPER-452,Bug,Closed,Fixed
ZOOKEEPER-453,Bug,Closed,Fixed
ZOOKEEPER-454,Bug,Closed,Fixed
ZOOKEEPER-455,Bug,Closed,Fixed
ZOOKEEPER-457,Bug,Closed,Fixed
ZOOKEEPER-460,Bug,Closed,Fixed
ZOOKEEPER-466,Bug,Closed,Fixed
ZOOKEEPER-467,Bug,Closed,Fixed
ZOOKEEPER-468,Bug,Closed,Fixed
ZOOKEEPER-469,Bug,Closed,Fixed
ZOOKEEPER-470,Bug,Closed,Fixed
ZOOKEEPER-475,Bug,Closed,Fixed
ZOOKEEPER-477,Bug,Closed,Fixed
ZOOKEEPER-479,Bug,Closed,Fixed
ZOOKEEPER-480,Bug,Closed,Fixed
ZOOKEEPER-481,Bug,Closed,Fixed
ZOOKEEPER-482,Bug,Closed,Fixed
ZOOKEEPER-483,Bug,Closed,Fixed
ZOOKEEPER-484,Bug,Closed,Fixed
ZOOKEEPER-485,Bug,Closed,Fixed
ZOOKEEPER-487,Bug,Closed,Fixed
ZOOKEEPER-490,Bug,Closed,Fixed
ZOOKEEPER-491,Bug,Closed,Fixed
ZOOKEEPER-493,Bug,Closed,Fixed
ZOOKEEPER-495,Bug,Closed,Fixed
ZOOKEEPER-498,Bug,Closed,Fixed
ZOOKEEPER-499,Bug,Closed,Fixed
ZOOKEEPER-501,Bug,Closed,Fixed
ZOOKEEPER-502,Bug,Closed,Fixed
ZOOKEEPER-503,Bug,Closed,Fixed
ZOOKEEPER-504,Bug,Closed,Fixed
ZOOKEEPER-505,Bug,Closed,Fixed
ZOOKEEPER-508,Bug,Closed,Fixed
ZOOKEEPER-509,Bug,Closed,Fixed
ZOOKEEPER-510,Bug,Closed,Fixed
ZOOKEEPER-511,Bug,Closed,Fixed
ZOOKEEPER-512,Bug,Closed,Fixed
ZOOKEEPER-519,Bug,Closed,Fixed
ZOOKEEPER-524,Bug,Closed,Fixed
ZOOKEEPER-530,Bug,Closed,Fixed
ZOOKEEPER-532,Bug,Closed,Fixed
ZOOKEEPER-533,Bug,Closed,Fixed
ZOOKEEPER-534,Bug,Closed,Fixed
ZOOKEEPER-535,Bug,Closed,Fixed
ZOOKEEPER-537,Bug,Closed,Fixed
ZOOKEEPER-538,Bug,Closed,Fixed
ZOOKEEPER-540,Bug,Closed,Fixed
ZOOKEEPER-541,Bug,Closed,Fixed
ZOOKEEPER-542,Bug,Closed,Fixed
ZOOKEEPER-547,Bug,Closed,Fixed
ZOOKEEPER-551,Bug,Closed,Fixed
ZOOKEEPER-554,Bug,Closed,Fixed
ZOOKEEPER-558,Bug,Closed,Fixed
ZOOKEEPER-562,Bug,Closed,Fixed
ZOOKEEPER-563,Bug,Closed,Fixed
ZOOKEEPER-566,Bug,Closed,Fixed
ZOOKEEPER-567,Bug,Closed,Fixed
ZOOKEEPER-568,Bug,Closed,Fixed
ZOOKEEPER-569,Bug,Closed,Fixed
ZOOKEEPER-570,Bug,Closed,Fixed
ZOOKEEPER-573,Bug,Closed,Fixed
ZOOKEEPER-574,Bug,Closed,Fixed
ZOOKEEPER-576,Bug,Closed,Fixed
ZOOKEEPER-582,Bug,Closed,Fixed
ZOOKEEPER-586,Bug,Closed,Fixed
ZOOKEEPER-587,Bug,Closed,Fixed
ZOOKEEPER-588,Bug,Closed,Fixed
ZOOKEEPER-589,Bug,Closed,Fixed
ZOOKEEPER-591,Bug,Closed,Fixed
ZOOKEEPER-592,Bug,Closed,Fixed
ZOOKEEPER-593,Bug,Closed,Fixed
ZOOKEEPER-596,Bug,Closed,Fixed
ZOOKEEPER-597,Bug,Closed,Fixed
ZOOKEEPER-598,Bug,Closed,Fixed
ZOOKEEPER-600,Bug,Closed,Fixed
ZOOKEEPER-602,Bug,Resolved,Fixed
ZOOKEEPER-604,Bug,Closed,Fixed
ZOOKEEPER-606,Bug,Closed,Fixed
ZOOKEEPER-609,Bug,Closed,Fixed
ZOOKEEPER-610,Bug,Closed,Fixed
ZOOKEEPER-611,Bug,Closed,Fixed
ZOOKEEPER-614,Bug,Closed,Fixed
ZOOKEEPER-615,Bug,Closed,Fixed
ZOOKEEPER-617,Bug,Closed,Fixed
ZOOKEEPER-620,Bug,Closed,Fixed
ZOOKEEPER-621,Bug,Closed,Fixed
ZOOKEEPER-622,Bug,Closed,Fixed
ZOOKEEPER-623,Bug,Closed,Fixed
ZOOKEEPER-624,Bug,Closed,Fixed
ZOOKEEPER-626,Bug,Closed,Fixed
ZOOKEEPER-627,Bug,Closed,Fixed
ZOOKEEPER-629,Bug,Closed,Fixed
ZOOKEEPER-630,Bug,Closed,Fixed
ZOOKEEPER-637,Bug,Closed,Fixed
ZOOKEEPER-642,Bug,Resolved,Fixed
ZOOKEEPER-644,Bug,Closed,Fixed
ZOOKEEPER-647,Bug,Closed,Fixed
ZOOKEEPER-653,Bug,Resolved,Fixed
ZOOKEEPER-656,Bug,Closed,Fixed
ZOOKEEPER-663,Bug,Closed,Fixed
ZOOKEEPER-667,Bug,Closed,Fixed
ZOOKEEPER-668,Bug,Closed,Fixed
ZOOKEEPER-669,Bug,Closed,Fixed
ZOOKEEPER-670,Bug,Resolved,Fixed
ZOOKEEPER-673,Bug,Closed,Fixed
ZOOKEEPER-677,Bug,Closed,Fixed
ZOOKEEPER-681,Bug,Closed,Fixed
ZOOKEEPER-682,Bug,Closed,Fixed
ZOOKEEPER-683,Bug,Closed,Fixed
ZOOKEEPER-684,Bug,Closed,Fixed
ZOOKEEPER-687,Bug,Closed,Fixed
ZOOKEEPER-688,Bug,Closed,Fixed
ZOOKEEPER-689,Bug,Closed,Fixed
ZOOKEEPER-691,Bug,Closed,Fixed
ZOOKEEPER-693,Bug,Closed,Fixed
ZOOKEEPER-696,Bug,Closed,Fixed
ZOOKEEPER-698,Bug,Closed,Fixed
ZOOKEEPER-706,Bug,Closed,Fixed
ZOOKEEPER-708,Bug,Closed,Fixed
ZOOKEEPER-709,Bug,Closed,Fixed
ZOOKEEPER-710,Bug,Closed,Fixed
ZOOKEEPER-718,Bug,Closed,Fixed
ZOOKEEPER-719,Bug,Closed,Fixed
ZOOKEEPER-720,Bug,Closed,Fixed
ZOOKEEPER-722,Bug,Closed,Fixed
ZOOKEEPER-731,Bug,Closed,Fixed
ZOOKEEPER-732,Bug,Closed,Fixed
ZOOKEEPER-734,Bug,Closed,Fixed
ZOOKEEPER-735,Bug,Closed,Fixed
ZOOKEEPER-737,Bug,Closed,Fixed
ZOOKEEPER-738,Bug,Closed,Fixed
ZOOKEEPER-740,Bug,Resolved,Fixed
ZOOKEEPER-741,Bug,Closed,Fixed
ZOOKEEPER-742,Bug,Closed,Fixed
ZOOKEEPER-746,Bug,Closed,Fixed
ZOOKEEPER-749,Bug,Closed,Fixed
ZOOKEEPER-750,Bug,Closed,Fixed
ZOOKEEPER-753,Bug,Closed,Fixed
ZOOKEEPER-758,Bug,Closed,Fixed
ZOOKEEPER-763,Bug,Closed,Fixed
ZOOKEEPER-764,Bug,Closed,Fixed
ZOOKEEPER-766,Bug,Closed,Fixed
ZOOKEEPER-769,Bug,Closed,Fixed
ZOOKEEPER-772,Bug,Closed,Fixed
ZOOKEEPER-774,Bug,Closed,Fixed
ZOOKEEPER-782,Bug,Closed,Fixed
ZOOKEEPER-783,Bug,Closed,Fixed
ZOOKEEPER-785,Bug,Closed,Fixed
ZOOKEEPER-786,Bug,Resolved,Fixed
ZOOKEEPER-787,Bug,Closed,Fixed
ZOOKEEPER-790,Bug,Closed,Fixed
ZOOKEEPER-792,Bug,Closed,Fixed
ZOOKEEPER-794,Bug,Closed,Fixed
ZOOKEEPER-795,Bug,Closed,Fixed
ZOOKEEPER-796,Bug,Closed,Fixed
ZOOKEEPER-800,Bug,Closed,Fixed
ZOOKEEPER-804,Bug,Closed,Fixed
ZOOKEEPER-805,Bug,Resolved,Fixed
ZOOKEEPER-814,Bug,Closed,Fixed
ZOOKEEPER-820,Bug,Closed,Fixed
ZOOKEEPER-822,Bug,Closed,Fixed
ZOOKEEPER-831,Bug,Closed,Fixed
ZOOKEEPER-833,Bug,Resolved,Fixed
ZOOKEEPER-844,Bug,Closed,Fixed
ZOOKEEPER-846,Bug,Closed,Fixed
ZOOKEEPER-854,Bug,Closed,Fixed
ZOOKEEPER-855,Bug,Closed,Fixed
ZOOKEEPER-861,Bug,Closed,Fixed
ZOOKEEPER-867,Bug,Closed,Fixed
ZOOKEEPER-870,Bug,Closed,Fixed
ZOOKEEPER-874,Bug,Closed,Fixed
ZOOKEEPER-876,Bug,Resolved,Fixed
ZOOKEEPER-877,Bug,Closed,Fixed
ZOOKEEPER-880,Bug,Closed,Fixed
ZOOKEEPER-881,Bug,Closed,Fixed
ZOOKEEPER-882,Bug,Closed,Fixed
ZOOKEEPER-884,Bug,Closed,Fixed
ZOOKEEPER-886,Bug,Resolved,Fixed
ZOOKEEPER-888,Bug,Closed,Fixed
ZOOKEEPER-889,Bug,Resolved,Fixed
ZOOKEEPER-893,Bug,Closed,Fixed
ZOOKEEPER-895,Bug,Resolved,Fixed
ZOOKEEPER-897,Bug,Closed,Fixed
ZOOKEEPER-898,Bug,Closed,Fixed
ZOOKEEPER-902,Bug,Closed,Fixed
ZOOKEEPER-904,Bug,Closed,Fixed
ZOOKEEPER-907,Bug,Closed,Fixed
ZOOKEEPER-913,Bug,Closed,Fixed
ZOOKEEPER-916,Bug,Resolved,Fixed
ZOOKEEPER-921,Bug,Closed,Fixed
ZOOKEEPER-930,Bug,Resolved,Fixed
ZOOKEEPER-937,Bug,Closed,Fixed
ZOOKEEPER-957,Bug,Closed,Fixed
ZOOKEEPER-958,Bug,Closed,Fixed
ZOOKEEPER-961,Bug,Closed,Fixed
ZOOKEEPER-962,Bug,Closed,Fixed
ZOOKEEPER-963,Bug,Closed,Fixed
ZOOKEEPER-973,Bug,Resolved,Fixed
ZOOKEEPER-975,Bug,Closed,Fixed
ZOOKEEPER-976,Bug,Closed,Fixed
ZOOKEEPER-981,Bug,Closed,Fixed
ZOOKEEPER-983,Bug,Closed,Fixed
ZOOKEEPER-985,Bug,Closed,Fixed
ZOOKEEPER-994,Bug,Closed,Fixed
ZOOKEEPER-1006,Bug,Closed,Fixed
ZOOKEEPER-1007,Bug,Closed,Fixed
ZOOKEEPER-1013,Bug,Closed,Fixed
ZOOKEEPER-1027,Bug,Closed,Fixed
ZOOKEEPER-1028,Bug,Closed,Fixed
ZOOKEEPER-1029,Bug,Closed,Fixed
ZOOKEEPER-1033,Bug,Closed,Fixed
ZOOKEEPER-1034,Bug,Closed,Fixed
ZOOKEEPER-1046,Bug,Closed,Fixed
ZOOKEEPER-1048,Bug,Resolved,Fixed
ZOOKEEPER-1049,Bug,Closed,Fixed
ZOOKEEPER-1050,Bug,Resolved,Fixed
ZOOKEEPER-1051,Bug,Closed,Fixed
ZOOKEEPER-1052,Bug,Closed,Fixed
ZOOKEEPER-1055,Bug,Closed,Fixed
ZOOKEEPER-1057,Bug,Closed,Fixed
ZOOKEEPER-1058,Bug,Closed,Fixed
ZOOKEEPER-1059,Bug,Closed,Fixed
ZOOKEEPER-1060,Bug,Closed,Fixed
ZOOKEEPER-1061,Bug,Closed,Fixed
ZOOKEEPER-1062,Bug,Resolved,Fixed
ZOOKEEPER-1063,Bug,Closed,Fixed
ZOOKEEPER-1068,Bug,Closed,Fixed
ZOOKEEPER-1069,Bug,Closed,Fixed
ZOOKEEPER-1073,Bug,Closed,Fixed
ZOOKEEPER-1074,Bug,Closed,Fixed
ZOOKEEPER-1076,Bug,Closed,Fixed
ZOOKEEPER-1077,Bug,Closed,Fixed
ZOOKEEPER-1083,Bug,Closed,Fixed
ZOOKEEPER-1086,Bug,Closed,Fixed
ZOOKEEPER-1087,Bug,Closed,Fixed
ZOOKEEPER-1089,Bug,Resolved,Fixed
ZOOKEEPER-1090,Bug,Closed,Fixed
ZOOKEEPER-1097,Bug,Closed,Fixed
ZOOKEEPER-1100,Bug,Resolved,Fixed
ZOOKEEPER-1101,Bug,Closed,Fixed
ZOOKEEPER-1108,Bug,Closed,Fixed
ZOOKEEPER-1109,Bug,Closed,Fixed
ZOOKEEPER-1111,Bug,Closed,Fixed
ZOOKEEPER-1117,Bug,Closed,Fixed
ZOOKEEPER-1119,Bug,Closed,Fixed
ZOOKEEPER-1124,Bug,Closed,Fixed
ZOOKEEPER-1128,Bug,Resolved,Fixed
ZOOKEEPER-1134,Bug,Closed,Fixed
ZOOKEEPER-1136,Bug,Closed,Fixed
ZOOKEEPER-1138,Bug,Closed,Fixed
ZOOKEEPER-1139,Bug,Closed,Fixed
ZOOKEEPER-1140,Bug,Closed,Fixed
ZOOKEEPER-1141,Bug,Closed,Fixed
ZOOKEEPER-1142,Bug,Closed,Fixed
ZOOKEEPER-1144,Bug,Closed,Fixed
ZOOKEEPER-1146,Bug,Closed,Fixed
ZOOKEEPER-1152,Bug,Closed,Fixed
ZOOKEEPER-1154,Bug,Closed,Fixed
ZOOKEEPER-1156,Bug,Closed,Fixed
ZOOKEEPER-1163,Bug,Resolved,Fixed
ZOOKEEPER-1165,Bug,Closed,Fixed
ZOOKEEPER-1168,Bug,Closed,Fixed
ZOOKEEPER-1171,Bug,Closed,Fixed
ZOOKEEPER-1174,Bug,Closed,Fixed
ZOOKEEPER-1179,Bug,Closed,Fixed
ZOOKEEPER-1181,Bug,Closed,Fixed
ZOOKEEPER-1184,Bug,Resolved,Fixed
ZOOKEEPER-1185,Bug,Closed,Fixed
ZOOKEEPER-1189,Bug,Closed,Fixed
ZOOKEEPER-1190,Bug,Closed,Fixed
ZOOKEEPER-1192,Bug,Closed,Fixed
ZOOKEEPER-1194,Bug,Closed,Fixed
ZOOKEEPER-1195,Bug,Closed,Fixed
ZOOKEEPER-1203,Bug,Closed,Fixed
ZOOKEEPER-1206,Bug,Closed,Fixed
ZOOKEEPER-1208,Bug,Closed,Fixed
ZOOKEEPER-1210,Bug,Resolved,Fixed
ZOOKEEPER-1212,Bug,Closed,Fixed
ZOOKEEPER-1214,Bug,Resolved,Fixed
ZOOKEEPER-1220,Bug,Resolved,Fixed
ZOOKEEPER-1222,Bug,Resolved,Fixed
ZOOKEEPER-1236,Bug,Resolved,Fixed
ZOOKEEPER-1238,Bug,Closed,Fixed
ZOOKEEPER-1241,Bug,Resolved,Fixed
ZOOKEEPER-1256,Bug,Closed,Fixed
ZOOKEEPER-1262,Bug,Resolved,Fixed
ZOOKEEPER-1264,Bug,Closed,Fixed
ZOOKEEPER-1265,Bug,Resolved,Fixed
ZOOKEEPER-1268,Bug,Closed,Fixed
ZOOKEEPER-1269,Bug,Closed,Fixed
ZOOKEEPER-1270,Bug,Closed,Fixed
ZOOKEEPER-1271,Bug,Closed,Fixed
ZOOKEEPER-1273,Bug,Resolved,Fixed
ZOOKEEPER-1277,Bug,Resolved,Fixed
ZOOKEEPER-1283,Bug,Closed,Fixed
ZOOKEEPER-1294,Bug,Resolved,Fixed
ZOOKEEPER-1295,Bug,Resolved,Fixed
ZOOKEEPER-1299,Bug,Closed,Fixed
ZOOKEEPER-1305,Bug,Closed,Fixed
ZOOKEEPER-1307,Bug,Resolved,Fixed
ZOOKEEPER-1309,Bug,Resolved,Fixed
ZOOKEEPER-1311,Bug,Closed,Fixed
ZOOKEEPER-1315,Bug,Closed,Fixed
ZOOKEEPER-1316,Bug,Closed,Fixed
ZOOKEEPER-1317,Bug,Closed,Fixed
ZOOKEEPER-1318,Bug,Resolved,Fixed
ZOOKEEPER-1319,Bug,Closed,Fixed
ZOOKEEPER-1323,Bug,Closed,Fixed
ZOOKEEPER-1327,Bug,Resolved,Fixed
ZOOKEEPER-1331,Bug,Resolved,Fixed
ZOOKEEPER-1333,Bug,Closed,Fixed
ZOOKEEPER-1334,Bug,Closed,Fixed
ZOOKEEPER-1336,Bug,Resolved,Fixed
ZOOKEEPER-1338,Bug,Resolved,Fixed
ZOOKEEPER-1339,Bug,Resolved,Fixed
ZOOKEEPER-1340,Bug,Resolved,Fixed
ZOOKEEPER-1343,Bug,Resolved,Fixed
ZOOKEEPER-1344,Bug,Resolved,Fixed
ZOOKEEPER-1348,Bug,Resolved,Fixed
ZOOKEEPER-1351,Bug,Resolved,Fixed
ZOOKEEPER-1352,Bug,Resolved,Fixed
ZOOKEEPER-1353,Bug,Resolved,Fixed
ZOOKEEPER-1354,Bug,Resolved,Fixed
ZOOKEEPER-1357,Bug,Resolved,Fixed
ZOOKEEPER-1358,Bug,Resolved,Fixed
ZOOKEEPER-1361,Bug,Resolved,Fixed
ZOOKEEPER-1366,Bug,Resolved,Fixed
ZOOKEEPER-1367,Bug,Resolved,Fixed
ZOOKEEPER-1370,Bug,Resolved,Fixed
ZOOKEEPER-1371,Bug,Closed,Fixed
ZOOKEEPER-1373,Bug,Resolved,Fixed
ZOOKEEPER-1374,Bug,Resolved,Fixed
ZOOKEEPER-1376,Bug,Resolved,Fixed
ZOOKEEPER-1379,Bug,Closed,Fixed
ZOOKEEPER-1380,Bug,Resolved,Fixed
ZOOKEEPER-1382,Bug,Closed,Fixed
ZOOKEEPER-1384,Bug,Resolved,Fixed
ZOOKEEPER-1386,Bug,Resolved,Fixed
ZOOKEEPER-1387,Bug,Closed,Fixed
ZOOKEEPER-1388,Bug,Closed,Fixed
ZOOKEEPER-1395,Bug,Resolved,Fixed
ZOOKEEPER-1403,Bug,Resolved,Fixed
ZOOKEEPER-1404,Bug,Resolved,Fixed
ZOOKEEPER-1406,Bug,Resolved,Fixed
ZOOKEEPER-1412,Bug,Resolved,Fixed
ZOOKEEPER-1417,Bug,Resolved,Fixed
ZOOKEEPER-1419,Bug,Resolved,Fixed
ZOOKEEPER-1427,Bug,Resolved,Fixed
ZOOKEEPER-1431,Bug,Resolved,Fixed
ZOOKEEPER-1437,Bug,Resolved,Fixed
ZOOKEEPER-1439,Bug,Resolved,Fixed
ZOOKEEPER-1440,Bug,Resolved,Fixed
ZOOKEEPER-1448,Bug,Closed,Fixed
ZOOKEEPER-1451,Bug,Resolved,Fixed
ZOOKEEPER-1460,Bug,Closed,Fixed
ZOOKEEPER-1462,Bug,Closed,Fixed
ZOOKEEPER-1465,Bug,Resolved,Fixed
ZOOKEEPER-1466,Bug,Resolved,Fixed
ZOOKEEPER-1471,Bug,Resolved,Fixed
ZOOKEEPER-1474,Bug,Closed,Fixed
ZOOKEEPER-1478,Bug,Closed,Fixed
ZOOKEEPER-1483,Bug,Resolved,Fixed
ZOOKEEPER-1489,Bug,Resolved,Fixed
ZOOKEEPER-1490,Bug,Resolved,Fixed
ZOOKEEPER-1493,Bug,Resolved,Fixed
ZOOKEEPER-1494,Bug,Resolved,Fixed
ZOOKEEPER-1495,Bug,Closed,Fixed
ZOOKEEPER-1496,Bug,Resolved,Fixed
ZOOKEEPER-1499,Bug,Resolved,Fixed
ZOOKEEPER-1501,Bug,Resolved,Fixed
ZOOKEEPER-1513,Bug,Closed,Fixed
ZOOKEEPER-1514,Bug,Resolved,Fixed
ZOOKEEPER-1518,Bug,Resolved,Fixed
ZOOKEEPER-1521,Bug,Resolved,Fixed
ZOOKEEPER-1522,Bug,Resolved,Fixed
ZOOKEEPER-1533,Bug,Resolved,Fixed
ZOOKEEPER-1535,Bug,Closed,Fixed
ZOOKEEPER-1536,Bug,Resolved,Fixed
ZOOKEEPER-1538,Bug,Resolved,Fixed
ZOOKEEPER-1540,Bug,Resolved,Fixed
ZOOKEEPER-1550,Bug,Resolved,Fixed
ZOOKEEPER-1551,Bug,Closed,Fixed
ZOOKEEPER-1553,Bug,Closed,Fixed
ZOOKEEPER-1554,Bug,Closed,Fixed
ZOOKEEPER-1557,Bug,Closed,Fixed
ZOOKEEPER-1560,Bug,Resolved,Fixed
ZOOKEEPER-1562,Bug,Closed,Fixed
ZOOKEEPER-1563,Bug,Resolved,Fixed
ZOOKEEPER-1573,Bug,Closed,Fixed
ZOOKEEPER-1575,Bug,Resolved,Fixed
ZOOKEEPER-1576,Bug,Resolved,Fixed
ZOOKEEPER-1578,Bug,Closed,Fixed
ZOOKEEPER-1580,Bug,Resolved,Fixed
ZOOKEEPER-1581,Bug,Closed,Fixed
ZOOKEEPER-1585,Bug,Resolved,Fixed
ZOOKEEPER-1590,Bug,Resolved,Fixed
ZOOKEEPER-1591,Bug,Resolved,Fixed
ZOOKEEPER-1596,Bug,Closed,Fixed
ZOOKEEPER-1597,Bug,Closed,Fixed
ZOOKEEPER-1602,Bug,Resolved,Fixed
ZOOKEEPER-1603,Bug,Closed,Fixed
ZOOKEEPER-1606,Bug,Closed,Fixed
ZOOKEEPER-1610,Bug,Closed,Fixed
ZOOKEEPER-1613,Bug,Closed,Fixed
ZOOKEEPER-1620,Bug,Resolved,Fixed
ZOOKEEPER-1622,Bug,Closed,Fixed
ZOOKEEPER-1624,Bug,Closed,Fixed
ZOOKEEPER-1625,Bug,Resolved,Fixed
ZOOKEEPER-1628,Bug,Resolved,Fixed
ZOOKEEPER-1629,Bug,Closed,Fixed
ZOOKEEPER-1632,Bug,Closed,Fixed
ZOOKEEPER-1633,Bug,Closed,Fixed
ZOOKEEPER-1641,Bug,Resolved,Fixed
ZOOKEEPER-1642,Bug,Closed,Fixed
ZOOKEEPER-1643,Bug,Resolved,Fixed
ZOOKEEPER-1645,Bug,Closed,Fixed
ZOOKEEPER-1646,Bug,Closed,Fixed
ZOOKEEPER-1647,Bug,Closed,Fixed
ZOOKEEPER-1648,Bug,Closed,Fixed
ZOOKEEPER-1653,Bug,Closed,Fixed
ZOOKEEPER-1655,Bug,Resolved,Fixed
ZOOKEEPER-1657,Bug,Closed,Fixed
ZOOKEEPER-1659,Bug,Resolved,Fixed
ZOOKEEPER-1662,Bug,Resolved,Fixed
ZOOKEEPER-1663,Bug,Closed,Fixed
ZOOKEEPER-1664,Bug,Resolved,Fixed
ZOOKEEPER-1667,Bug,Closed,Fixed
ZOOKEEPER-1670,Bug,Resolved,Fixed
ZOOKEEPER-1672,Bug,Resolved,Fixed
ZOOKEEPER-1673,Bug,Resolved,Fixed
ZOOKEEPER-1683,Bug,Resolved,Fixed
ZOOKEEPER-1686,Bug,Resolved,Fixed
ZOOKEEPER-1695,Bug,Resolved,Fixed
ZOOKEEPER-1696,Bug,Closed,Fixed
ZOOKEEPER-1697,Bug,Closed,Fixed
ZOOKEEPER-1699,Bug,Resolved,Fixed
ZOOKEEPER-1700,Bug,Resolved,Fixed
ZOOKEEPER-1702,Bug,Closed,Fixed
ZOOKEEPER-1706,Bug,Closed,Fixed
ZOOKEEPER-1713,Bug,Closed,Fixed
ZOOKEEPER-1714,Bug,Closed,Fixed
ZOOKEEPER-1719,Bug,Closed,Fixed
ZOOKEEPER-1725,Bug,Resolved,Fixed
ZOOKEEPER-1731,Bug,Closed,Fixed
ZOOKEEPER-1732,Bug,Closed,Fixed
ZOOKEEPER-1733,Bug,Closed,Fixed
ZOOKEEPER-1740,Bug,Resolved,Fixed
ZOOKEEPER-1744,Bug,Closed,Fixed
ZOOKEEPER-1745,Bug,Resolved,Fixed
ZOOKEEPER-1750,Bug,Closed,Fixed
ZOOKEEPER-1751,Bug,Closed,Fixed
ZOOKEEPER-1753,Bug,Closed,Fixed
ZOOKEEPER-1754,Bug,Closed,Fixed
ZOOKEEPER-1755,Bug,Closed,Fixed
ZOOKEEPER-1756,Bug,Closed,Fixed
ZOOKEEPER-1765,Bug,Closed,Fixed
ZOOKEEPER-1769,Bug,Resolved,Fixed
ZOOKEEPER-1770,Bug,Closed,Fixed
ZOOKEEPER-1773,Bug,Resolved,Fixed
ZOOKEEPER-1774,Bug,Closed,Fixed
ZOOKEEPER-1779,Bug,Resolved,Fixed
ZOOKEEPER-1781,Bug,Closed,Fixed
ZOOKEEPER-1782,Bug,Resolved,Fixed
ZOOKEEPER-1783,Bug,Resolved,Fixed
ZOOKEEPER-1784,Bug,Resolved,Fixed
ZOOKEEPER-1786,Bug,Closed,Fixed
ZOOKEEPER-1789,Bug,Resolved,Fixed
ZOOKEEPER-1791,Bug,Resolved,Fixed
ZOOKEEPER-1795,Bug,Resolved,Fixed
ZOOKEEPER-1797,Bug,Resolved,Fixed
ZOOKEEPER-1798,Bug,Closed,Fixed
ZOOKEEPER-1799,Bug,Closed,Fixed
ZOOKEEPER-1803,Bug,Closed,Fixed
ZOOKEEPER-1805,Bug,Closed,Fixed
ZOOKEEPER-1807,Bug,Resolved,Fixed
ZOOKEEPER-1810,Bug,Resolved,Fixed
ZOOKEEPER-1811,Bug,Closed,Fixed
ZOOKEEPER-1812,Bug,Closed,Fixed
ZOOKEEPER-1819,Bug,Resolved,Fixed
ZOOKEEPER-1821,Bug,Closed,Fixed
ZOOKEEPER-1823,Bug,Resolved,Fixed
ZOOKEEPER-1833,Bug,Resolved,Fixed
ZOOKEEPER-1835,Bug,Resolved,Fixed
ZOOKEEPER-1836,Bug,Resolved,Fixed
ZOOKEEPER-1839,Bug,Closed,Fixed
ZOOKEEPER-1840,Bug,Resolved,Fixed
ZOOKEEPER-1843,Bug,Resolved,Fixed
ZOOKEEPER-1844,Bug,Closed,Fixed
ZOOKEEPER-1851,Bug,Resolved,Fixed
ZOOKEEPER-1853,Bug,Closed,Fixed
ZOOKEEPER-1860,Bug,Resolved,Fixed
ZOOKEEPER-1861,Bug,Resolved,Fixed
ZOOKEEPER-1862,Bug,Resolved,Fixed
ZOOKEEPER-1863,Bug,Resolved,Fixed
ZOOKEEPER-1864,Bug,Resolved,Fixed
ZOOKEEPER-1870,Bug,Resolved,Fixed
ZOOKEEPER-1877,Bug,Resolved,Fixed
ZOOKEEPER-1878,Bug,Resolved,Fixed
ZOOKEEPER-1883,Bug,Resolved,Fixed
ZOOKEEPER-1888,Bug,Resolved,Fixed
ZOOKEEPER-1891,Bug,Resolved,Fixed
ZOOKEEPER-1893,Bug,Resolved,Fixed
ZOOKEEPER-1894,Bug,Resolved,Fixed
ZOOKEEPER-1895,Bug,Resolved,Fixed
ZOOKEEPER-1897,Bug,Resolved,Fixed
ZOOKEEPER-1898,Bug,Closed,Fixed
ZOOKEEPER-1900,Bug,Resolved,Fixed
ZOOKEEPER-1901,Bug,Resolved,Fixed
ZOOKEEPER-1906,Bug,Resolved,Fixed
ZOOKEEPER-1909,Bug,Resolved,Fixed
ZOOKEEPER-1910,Bug,Resolved,Fixed
ZOOKEEPER-1911,Bug,Resolved,Fixed
ZOOKEEPER-1913,Bug,Resolved,Fixed
ZOOKEEPER-1917,Bug,Resolved,Fixed
ZOOKEEPER-1919,Bug,Resolved,Fixed
ZOOKEEPER-1923,Bug,Resolved,Fixed
ZOOKEEPER-1926,Bug,Resolved,Fixed
ZOOKEEPER-1927,Bug,Closed,Fixed
ZOOKEEPER-1929,Bug,Closed,Fixed
ZOOKEEPER-1930,Bug,Resolved,Fixed
ZOOKEEPER-1932,Bug,Resolved,Fixed
ZOOKEEPER-1933,Bug,Resolved,Fixed
ZOOKEEPER-1937,Bug,Resolved,Fixed
ZOOKEEPER-1939,Bug,Resolved,Fixed
ZOOKEEPER-1943,Bug,Resolved,Fixed
ZOOKEEPER-1945,Bug,Resolved,Fixed
ZOOKEEPER-1949,Bug,Resolved,Fixed
ZOOKEEPER-1952,Bug,Resolved,Fixed
ZOOKEEPER-1964,Bug,Resolved,Fixed
ZOOKEEPER-1966,Bug,Resolved,Fixed
ZOOKEEPER-1969,Bug,Resolved,Fixed
ZOOKEEPER-1973,Bug,Resolved,Fixed
ZOOKEEPER-1974,Bug,Resolved,Fixed
ZOOKEEPER-1984,Bug,Resolved,Fixed
ZOOKEEPER-1987,Bug,Resolved,Fixed
ZOOKEEPER-1990,Bug,Resolved,Fixed
ZOOKEEPER-1991,Bug,Closed,Fixed
ZOOKEEPER-1992,Bug,Resolved,Fixed
ZOOKEEPER-1999,Bug,Resolved,Fixed
ZOOKEEPER-2006,Bug,Resolved,Fixed
ZOOKEEPER-2008,Bug,Resolved,Fixed
ZOOKEEPER-2013,Bug,Resolved,Fixed
ZOOKEEPER-2014,Bug,Closed,Fixed
ZOOKEEPER-2026,Bug,Resolved,Fixed
ZOOKEEPER-2029,Bug,Resolved,Fixed
ZOOKEEPER-2030,Bug,Resolved,Fixed
ZOOKEEPER-2033,Bug,Resolved,Fixed
ZOOKEEPER-2039,Bug,Resolved,Fixed
ZOOKEEPER-2044,Bug,Closed,Fixed
ZOOKEEPER-2049,Bug,Resolved,Fixed
ZOOKEEPER-2052,Bug,Resolved,Fixed
ZOOKEEPER-2054,Bug,Resolved,Fixed
ZOOKEEPER-2056,Bug,Resolved,Fixed
ZOOKEEPER-2058,Bug,Resolved,Fixed
ZOOKEEPER-2060,Bug,Resolved,Fixed
ZOOKEEPER-2062,Bug,Resolved,Fixed
ZOOKEEPER-2064,Bug,Resolved,Fixed
ZOOKEEPER-2072,Bug,Resolved,Fixed
ZOOKEEPER-2073,Bug,Resolved,Fixed
ZOOKEEPER-2074,Bug,Closed,Fixed
ZOOKEEPER-2082,Bug,Resolved,Fixed
ZOOKEEPER-2096,Bug,Resolved,Fixed
ZOOKEEPER-2109,Bug,Resolved,Fixed
ZOOKEEPER-2111,Bug,Resolved,Fixed
ZOOKEEPER-2114,Bug,Resolved,Fixed
ZOOKEEPER-2124,Bug,Resolved,Fixed
ZOOKEEPER-2133,Bug,Closed,Fixed
ZOOKEEPER-2141,Bug,Closed,Fixed
ZOOKEEPER-2142,Bug,Closed,Fixed
ZOOKEEPER-2146,Bug,Resolved,Fixed
ZOOKEEPER-2156,Bug,Closed,Fixed
ZOOKEEPER-2157,Bug,Resolved,Fixed
ZOOKEEPER-2171,Bug,Resolved,Fixed
ZOOKEEPER-2172,Bug,Closed,Fixed
ZOOKEEPER-2173,Bug,Resolved,Fixed
ZOOKEEPER-2174,Bug,Closed,Fixed
ZOOKEEPER-2178,Bug,Resolved,Fixed
ZOOKEEPER-2182,Bug,Resolved,Fixed
ZOOKEEPER-2184,Bug,Closed,Fixed
ZOOKEEPER-2186,Bug,Resolved,Fixed
ZOOKEEPER-2187,Bug,Resolved,Fixed
ZOOKEEPER-2190,Bug,Resolved,Fixed
ZOOKEEPER-2193,Bug,Resolved,Fixed
ZOOKEEPER-2195,Bug,Closed,Fixed
ZOOKEEPER-2197,Bug,Resolved,Fixed
ZOOKEEPER-2198,Bug,Resolved,Fixed
ZOOKEEPER-2201,Bug,Closed,Fixed
ZOOKEEPER-2210,Bug,Resolved,Fixed
ZOOKEEPER-2211,Bug,Closed,Fixed
ZOOKEEPER-2212,Bug,Resolved,Fixed
ZOOKEEPER-2213,Bug,Resolved,Fixed
ZOOKEEPER-2221,Bug,Resolved,Fixed
ZOOKEEPER-2224,Bug,Resolved,Fixed
ZOOKEEPER-2227,Bug,Closed,Fixed
ZOOKEEPER-2229,Bug,Closed,Fixed
ZOOKEEPER-2235,Bug,Closed,Fixed
ZOOKEEPER-2239,Bug,Closed,Fixed
ZOOKEEPER-2243,Bug,Closed,Fixed
ZOOKEEPER-2244,Bug,Closed,Fixed
ZOOKEEPER-2245,Bug,Closed,Fixed
ZOOKEEPER-2247,Bug,Closed,Fixed
ZOOKEEPER-2249,Bug,Resolved,Fixed
ZOOKEEPER-2251,Bug,Resolved,Fixed
ZOOKEEPER-2252,Bug,Closed,Fixed
ZOOKEEPER-2253,Bug,Resolved,Fixed
ZOOKEEPER-2256,Bug,Closed,Fixed
ZOOKEEPER-2261,Bug,Resolved,Fixed
ZOOKEEPER-2264,Bug,Closed,Fixed
ZOOKEEPER-2268,Bug,Closed,Fixed
ZOOKEEPER-2269,Bug,Closed,Fixed
ZOOKEEPER-2279,Bug,Closed,Fixed
ZOOKEEPER-2281,Bug,Closed,Fixed
ZOOKEEPER-2283,Bug,Closed,Fixed
ZOOKEEPER-2294,Bug,Closed,Fixed
ZOOKEEPER-2295,Bug,Closed,Fixed
ZOOKEEPER-2296,Bug,Resolved,Fixed
ZOOKEEPER-2297,Bug,Closed,Fixed
ZOOKEEPER-2299,Bug,Closed,Fixed
ZOOKEEPER-2301,Bug,Closed,Fixed
ZOOKEEPER-2302,Bug,Closed,Fixed
ZOOKEEPER-2304,Bug,Closed,Fixed
ZOOKEEPER-2311,Bug,Closed,Fixed
ZOOKEEPER-2316,Bug,Resolved,Fixed
ZOOKEEPER-2317,Bug,Resolved,Fixed
ZOOKEEPER-2319,Bug,Resolved,Fixed
ZOOKEEPER-2323,Bug,Resolved,Fixed
ZOOKEEPER-2325,Bug,Resolved,Fixed
ZOOKEEPER-2329,Bug,Closed,Fixed
ZOOKEEPER-2330,Bug,Closed,Fixed
ZOOKEEPER-2334,Bug,Resolved,Fixed
ZOOKEEPER-2335,Bug,Resolved,Fixed
ZOOKEEPER-2338,Bug,Resolved,Fixed
ZOOKEEPER-2340,Bug,Closed,Fixed
ZOOKEEPER-2347,Bug,Resolved,Fixed
ZOOKEEPER-2349,Bug,Resolved,Fixed
ZOOKEEPER-2355,Bug,Resolved,Fixed
ZOOKEEPER-2360,Bug,Closed,Fixed
ZOOKEEPER-2364,Bug,Closed,Fixed
ZOOKEEPER-2366,Bug,Closed,Fixed
ZOOKEEPER-2375,Bug,Closed,Fixed
ZOOKEEPER-2379,Bug,Closed,Fixed
ZOOKEEPER-2380,Bug,Closed,Fixed
ZOOKEEPER-2383,Bug,Closed,Fixed
ZOOKEEPER-2385,Bug,Closed,Fixed
ZOOKEEPER-2388,Bug,Closed,Fixed
ZOOKEEPER-2393,Bug,Closed,Fixed
ZOOKEEPER-2405,Bug,Closed,Fixed
ZOOKEEPER-2413,Bug,Closed,Fixed
ZOOKEEPER-2442,Bug,Closed,Fixed
ZOOKEEPER-2450,Bug,Closed,Fixed
ZOOKEEPER-2452,Bug,Closed,Fixed
ZOOKEEPER-2458,Bug,Closed,Fixed
ZOOKEEPER-2459,Bug,Closed,Fixed
ZOOKEEPER-2460,Bug,Closed,Fixed
ZOOKEEPER-2464,Bug,Closed,Fixed
ZOOKEEPER-2465,Bug,Closed,Fixed
ZOOKEEPER-2467,Bug,Closed,Fixed
ZOOKEEPER-2470,Bug,Closed,Fixed
ZOOKEEPER-2477,Bug,Closed,Fixed
ZOOKEEPER-2478,Bug,Resolved,Fixed
ZOOKEEPER-2498,Bug,Closed,Fixed
ZOOKEEPER-2500,Bug,Closed,Fixed
ZOOKEEPER-2517,Bug,Closed,Fixed
ZOOKEEPER-2536,Bug,Closed,Fixed
ZOOKEEPER-2539,Bug,Closed,Fixed
ZOOKEEPER-2542,Bug,Closed,Fixed
ZOOKEEPER-2548,Bug,Closed,Fixed
ZOOKEEPER-2552,Bug,Closed,Fixed
ZOOKEEPER-2556,Bug,Resolved,Fixed
ZOOKEEPER-2558,Bug,Closed,Fixed
ZOOKEEPER-2573,Bug,Closed,Fixed
ZOOKEEPER-2574,Bug,Closed,Fixed
ZOOKEEPER-2576,Bug,Resolved,Fixed
ZOOKEEPER-2579,Bug,Closed,Fixed
ZOOKEEPER-2581,Bug,Resolved,Fixed
ZOOKEEPER-2606,Bug,Closed,Fixed
ZOOKEEPER-2611,Bug,Closed,Fixed
ZOOKEEPER-2614,Bug,Resolved,Fixed
ZOOKEEPER-2617,Bug,Closed,Fixed
ZOOKEEPER-2622,Bug,Closed,Fixed
ZOOKEEPER-2627,Bug,Closed,Fixed
ZOOKEEPER-2628,Bug,Closed,Fixed
ZOOKEEPER-2633,Bug,Closed,Fixed
ZOOKEEPER-2635,Bug,Closed,Fixed
ZOOKEEPER-2636,Bug,Closed,Fixed
ZOOKEEPER-2642,Bug,Closed,Fixed
ZOOKEEPER-2646,Bug,Closed,Fixed
ZOOKEEPER-2647,Bug,Closed,Fixed
ZOOKEEPER-2651,Bug,Closed,Fixed
ZOOKEEPER-2652,Bug,Closed,Fixed
ZOOKEEPER-2671,Bug,Closed,Fixed
ZOOKEEPER-2678,Bug,Closed,Fixed
ZOOKEEPER-2680,Bug,Closed,Fixed
ZOOKEEPER-2683,Bug,Closed,Fixed
ZOOKEEPER-2684,Bug,Resolved,Fixed
ZOOKEEPER-2687,Bug,Closed,Fixed
ZOOKEEPER-2689,Bug,Closed,Fixed
ZOOKEEPER-2690,Bug,Resolved,Fixed
ZOOKEEPER-2691,Bug,Resolved,Fixed
ZOOKEEPER-2693,Bug,Closed,Fixed
ZOOKEEPER-2696,Bug,Closed,Fixed
ZOOKEEPER-2706,Bug,Closed,Fixed
ZOOKEEPER-2710,Bug,Closed,Fixed
ZOOKEEPER-2712,Bug,Closed,Fixed
ZOOKEEPER-2722,Bug,Resolved,Fixed
ZOOKEEPER-2725,Bug,Resolved,Fixed
ZOOKEEPER-2726,Bug,Closed,Fixed
ZOOKEEPER-2728,Bug,Resolved,Fixed
ZOOKEEPER-2735,Bug,Resolved,Fixed
ZOOKEEPER-2737,Bug,Closed,Fixed
ZOOKEEPER-2740,Bug,Resolved,Fixed
ZOOKEEPER-2743,Bug,Resolved,Fixed
ZOOKEEPER-2747,Bug,Resolved,Fixed
ZOOKEEPER-2757,Bug,Resolved,Fixed
ZOOKEEPER-2758,Bug,Resolved,Fixed
ZOOKEEPER-2759,Bug,Resolved,Fixed
ZOOKEEPER-2774,Bug,Resolved,Fixed
ZOOKEEPER-2775,Bug,Resolved,Fixed
ZOOKEEPER-2777,Bug,Resolved,Fixed
ZOOKEEPER-2785,Bug,Resolved,Fixed
ZOOKEEPER-2786,Bug,Resolved,Fixed
ZOOKEEPER-2797,Bug,Resolved,Fixed
ZOOKEEPER-2798,Bug,Resolved,Fixed
ZOOKEEPER-2804,Bug,Resolved,Fixed
ZOOKEEPER-2806,Bug,Resolved,Fixed
ZOOKEEPER-2808,Bug,Resolved,Fixed
ZOOKEEPER-2809,Bug,Resolved,Fixed
ZOOKEEPER-2811,Bug,Resolved,Fixed
ZOOKEEPER-2818,Bug,Resolved,Fixed
ZOOKEEPER-2819,Bug,Resolved,Fixed
ZOOKEEPER-2822,Bug,Resolved,Fixed
ZOOKEEPER-2841,Bug,Resolved,Fixed
ZOOKEEPER-2845,Bug,Resolved,Fixed
ZOOKEEPER-2847,Bug,Resolved,Fixed
ZOOKEEPER-2852,Bug,Resolved,Fixed
ZOOKEEPER-2853,Bug,Resolved,Fixed
ZOOKEEPER-2859,Bug,Resolved,Fixed
ZOOKEEPER-2861,Bug,Resolved,Fixed
ZOOKEEPER-2862,Bug,Resolved,Fixed
ZOOKEEPER-2863,Bug,Resolved,Fixed
ZOOKEEPER-2874,Bug,Resolved,Fixed
ZOOKEEPER-2885,Bug,Resolved,Fixed
ZOOKEEPER-2886,Bug,Resolved,Fixed
ZOOKEEPER-2890,Bug,Resolved,Fixed
ZOOKEEPER-2893,Bug,Resolved,Fixed
ZOOKEEPER-2901,Bug,Resolved,Fixed
ZOOKEEPER-2905,Bug,Resolved,Fixed
ZOOKEEPER-2906,Bug,Resolved,Fixed
ZOOKEEPER-2908,Bug,Resolved,Fixed
ZOOKEEPER-2909,Bug,Resolved,Fixed
ZOOKEEPER-2913,Bug,Resolved,Fixed
ZOOKEEPER-2914,Bug,Resolved,Fixed
ZOOKEEPER-2920,Bug,Closed,Fixed
ZOOKEEPER-2923,Bug,Resolved,Fixed
ZOOKEEPER-2924,Bug,Resolved,Fixed
ZOOKEEPER-2926,Bug,Resolved,Fixed
ZOOKEEPER-2931,Bug,Resolved,Fixed
ZOOKEEPER-2934,Bug,Resolved,Fixed
ZOOKEEPER-2936,Bug,Resolved,Fixed
ZOOKEEPER-2944,Bug,Resolved,Fixed
ZOOKEEPER-2948,Bug,Resolved,Fixed
ZOOKEEPER-2949,Bug,Resolved,Fixed
ZOOKEEPER-2951,Bug,Resolved,Fixed
ZOOKEEPER-2953,Bug,Resolved,Fixed
ZOOKEEPER-2959,Bug,Closed,Fixed
ZOOKEEPER-2960,Bug,Resolved,Fixed
ZOOKEEPER-2961,Bug,Resolved,Fixed
ZOOKEEPER-2964,Bug,Resolved,Fixed
ZOOKEEPER-2978,Bug,Resolved,Fixed
ZOOKEEPER-2982,Bug,Resolved,Fixed
ZOOKEEPER-2988,Bug,Closed,Fixed
ZOOKEEPER-2992,Bug,Resolved,Fixed
ZOOKEEPER-2993,Bug,Closed,Fixed
ZOOKEEPER-2997,Bug,Resolved,Fixed
ZOOKEEPER-2998,Bug,Resolved,Fixed
ZOOKEEPER-3001,Bug,Resolved,Fixed
ZOOKEEPER-3006,Bug,Resolved,Fixed
ZOOKEEPER-3007,Bug,Closed,Fixed
ZOOKEEPER-3009,Bug,Resolved,Fixed
ZOOKEEPER-3016,Bug,Resolved,Fixed
ZOOKEEPER-3025,Bug,Resolved,Fixed
ZOOKEEPER-3027,Bug,Closed,Fixed
ZOOKEEPER-3038,Bug,Resolved,Fixed
ZOOKEEPER-3039,Bug,Closed,Fixed
ZOOKEEPER-3041,Bug,Closed,Fixed
ZOOKEEPER-3042,Bug,Resolved,Fixed
ZOOKEEPER-3050,Bug,Resolved,Fixed
ZOOKEEPER-3051,Bug,Resolved,Fixed
ZOOKEEPER-3059,Bug,Resolved,Fixed
ZOOKEEPER-3072,Bug,Resolved,Fixed
ZOOKEEPER-3079,Bug,Resolved,Fixed
ZOOKEEPER-3082,Bug,Resolved,Fixed
ZOOKEEPER-3093,Bug,Resolved,Fixed
ZOOKEEPER-3104,Bug,Resolved,Fixed
ZOOKEEPER-3105,Bug,Resolved,Fixed
ZOOKEEPER-3113,Bug,Resolved,Fixed
ZOOKEEPER-3117,Bug,Resolved,Fixed
ZOOKEEPER-3119,Bug,Resolved,Fixed
ZOOKEEPER-3121,Bug,Resolved,Fixed
ZOOKEEPER-3125,Bug,Resolved,Fixed
ZOOKEEPER-3127,Bug,Resolved,Fixed
ZOOKEEPER-3131,Bug,Resolved,Fixed
ZOOKEEPER-3144,Bug,Resolved,Fixed
ZOOKEEPER-3148,Bug,Resolved,Fixed
ZOOKEEPER-3156,Bug,Resolved,Fixed
ZOOKEEPER-3162,Bug,Resolved,Fixed
ZOOKEEPER-3165,Bug,Resolved,Fixed
ZOOKEEPER-3194,Bug,Resolved,Fixed
ZOOKEEPER-3199,Bug,Resolved,Fixed
